existingchecking_A14,credithistory_A34,housing_A152,savings_A65,property_A121,otherinstallmentplans_A143,purpose_A43,employmentsince_A72,existingchecking_A12,property_A124,credithistory_A31,credithistory_A30,creditamount,savings_A61,duration,existingchecking_A11,classification
0,1,1,1,1,1,1,0,0,0,0,0,1169,0,6,1,1
0,0,1,0,1,1,1,0,1,0,0,0,5951,1,48,0,-1
1,1,1,0,1,1,0,0,0,0,0,0,2096,1,12,0,1
0,0,0,0,0,1,0,0,0,0,0,0,7882,1,42,1,1
0,0,0,0,0,1,0,0,0,1,0,0,4870,1,24,1,-1
1,0,0,1,0,1,0,0,0,1,0,0,9055,0,36,0,1
1,0,1,0,0,1,0,0,0,0,0,0,2835,0,24,0,1
0,0,0,0,0,1,0,0,1,0,0,0,6948,1,36,0,1
1,0,1,0,1,1,1,0,0,0,0,0,3059,0,12,0,1
0,1,1,0,0,1,0,0,1,0,0,0,5234,1,30,0,-1
0,0,0,0,0,1,0,1,1,0,0,0,1295,1,12,0,-1
0,0,0,0,0,1,0,1,0,0,0,0,4308,1,48,1,-1
0,0,1,0,0,1,1,0,1,0,0,0,1567,1,12,0,1
0,1,1,0,0,1,0,0,0,0,0,0,1199,1,24,1,-1
0,0,0,0,0,1,0,0,0,0,0,0,1403,1,15,1,1
0,0,1,0,0,1,1,0,0,0,0,0,1282,0,24,1,-1
1,1,1,1,0,1,1,0,0,0,0,0,2424,0,24,0,1
0,0,1,1,0,0,0,1,0,0,0,1,8072,0,30,1,1
0,0,0,0,0,1,0,0,1,1,0,0,12579,1,24,0,-1
1,0,1,0,0,1,1,0,0,0,0,0,3430,0,24,0,1
1,1,1,0,0,1,0,0,0,0,0,0,2134,1,9,0,1
0,0,0,0,1,1,1,0,0,0,0,0,2647,0,6,1,1
0,1,0,0,1,1,0,1,0,0,0,0,2241,1,10,1,1
0,1,1,0,0,1,0,1,1,0,0,0,1804,0,12,0,1
1,1,1,1,0,1,0,0,0,0,0,0,2069,0,10,0,1
0,0,1,0,1,0,0,0,0,0,0,0,1374,1,6,1,1
1,0,1,0,0,1,1,0,0,0,0,1,426,1,6,0,1
0,0,0,0,1,1,1,0,0,0,1,0,409,0,12,0,1
0,0,1,0,1,1,1,0,1,0,0,0,2415,1,7,0,1
0,0,1,0,0,1,0,0,0,1,0,0,6836,1,60,1,-1
0,0,1,0,1,0,0,1,1,0,0,0,1913,0,18,0,1
0,0,1,0,0,0,0,0,0,0,0,0,4020,1,24,1,1
0,0,1,0,0,1,0,0,1,0,0,0,5866,0,18,0,1
1,1,0,1,0,1,0,0,0,1,0,0,1264,0,12,0,1
0,0,1,0,0,0,0,1,0,0,0,0,1474,1,12,0,1
0,1,1,0,0,1,1,1,1,0,0,0,4746,1,45,0,-1
1,1,0,0,0,0,0,0,0,1,0,0,6110,1,48,0,1
0,0,1,0,1,0,1,0,0,0,0,0,2100,1,18,0,-1
0,0,1,0,0,1,0,0,0,0,0,0,1225,1,10,0,1
0,0,1,0,1,1,1,0,1,0,0,0,458,1,9,0,1
1,0,1,0,0,0,1,0,0,0,0,0,2333,0,30,0,1
0,0,1,0,0,1,1,0,1,0,0,0,1158,0,12,0,1
0,0,1,0,1,1,0,0,1,0,0,0,6204,1,18,0,1
0,1,0,0,0,1,0,0,0,0,0,0,6187,0,30,1,1
0,1,0,0,0,0,0,0,0,1,0,0,6143,1,48,1,-1
1,1,1,0,0,1,0,1,0,0,0,0,1393,1,11,0,1
1,0,1,0,0,1,1,0,0,0,0,0,2299,0,36,0,1
0,0,0,0,0,1,0,0,0,0,0,0,1352,0,6,1,1
1,1,1,0,0,1,0,0,0,0,0,0,7228,1,11,0,1
1,0,1,0,1,1,1,0,0,0,0,0,2073,0,12,0,1
0,0,1,1,0,0,0,1,1,0,0,0,2333,0,24,0,1
0,0,1,0,0,1,0,0,1,0,0,0,5965,1,27,0,1
1,0,1,0,0,1,1,0,0,0,0,0,1262,1,12,0,1
1,0,1,1,0,1,0,0,0,0,0,0,3378,0,18,0,1
0,0,0,0,0,0,0,0,1,1,0,0,2225,1,36,0,-1
1,0,1,1,1,0,0,0,0,0,1,0,783,0,6,0,1
0,0,1,1,0,1,1,0,1,1,0,0,6468,0,12,0,-1
1,1,1,0,0,0,1,0,0,0,0,0,9566,1,36,0,1
0,0,1,0,0,1,0,0,0,0,0,0,1961,1,18,0,1
0,1,0,0,0,1,0,1,0,1,0,0,6229,1,36,1,-1
0,0,1,0,1,0,0,0,1,0,0,0,1391,1,9,0,1
0,1,1,1,1,1,1,0,1,0,0,0,1537,0,15,0,1
0,0,0,0,0,1,0,0,1,1,0,1,1953,1,36,0,-1
0,0,1,0,0,1,0,0,1,0,0,1,14421,1,48,0,-1
1,0,1,0,0,1,1,1,0,0,0,0,3181,1,24,0,1
1,0,1,1,0,1,0,0,0,0,0,0,5190,0,27,0,1
1,0,1,0,0,0,1,1,0,0,0,0,2171,1,12,0,1
0,0,1,0,1,1,0,0,1,0,0,0,1007,0,12,0,1
1,0,0,0,0,0,0,0,0,1,0,0,1819,1,36,0,-1
1,0,1,1,0,1,1,0,0,0,0,0,2394,0,36,0,1
1,0,1,0,0,0,0,0,0,0,0,0,8133,1,36,0,1
1,1,0,1,0,1,1,0,0,0,0,0,730,0,7,0,1
0,1,0,0,0,0,0,0,0,1,0,0,1164,1,8,1,1
0,1,1,0,1,0,0,0,1,0,0,0,5954,1,42,0,1
0,0,1,1,0,1,0,0,0,1,0,0,1977,0,36,1,-1
0,1,0,0,0,1,0,0,0,1,0,0,1526,1,12,1,1
0,0,1,0,0,1,1,1,0,0,0,0,3965,1,42,1,-1
0,0,1,0,0,1,1,0,1,0,0,0,4771,1,11,0,1
1,0,1,1,0,1,0,0,0,0,0,1,9436,0,54,0,1
0,0,1,0,0,1,0,1,1,0,0,0,3832,1,30,0,1
1,0,1,1,0,1,1,1,0,0,0,0,5943,0,24,0,-1
1,0,1,0,0,0,1,0,0,0,0,0,1213,0,15,0,1
1,0,0,0,0,1,0,0,0,0,0,0,1568,0,18,0,1
0,0,1,0,1,1,0,0,0,0,0,0,1755,1,24,1,1
0,0,1,0,1,1,1,0,0,0,0,0,2315,1,10,1,1
1,1,1,0,1,1,0,0,0,0,0,0,1412,1,12,0,1
0,1,1,0,0,1,0,1,1,0,0,0,1295,1,18,0,1
0,0,0,0,0,1,0,0,1,1,0,0,12612,0,36,0,-1
0,0,1,0,0,1,0,0,0,0,0,0,2249,0,18,1,1
0,0,1,0,1,1,0,0,0,0,0,1,1108,1,12,1,-1
1,1,1,0,1,1,1,0,0,0,0,0,618,1,12,0,1
0,1,1,0,1,1,0,0,0,0,0,0,1409,1,12,1,1
1,1,1,1,0,0,1,0,0,0,0,0,797,0,12,0,-1
0,1,0,1,0,1,0,0,0,1,0,0,3617,0,24,0,1
0,0,1,0,1,1,0,0,1,0,0,0,1318,0,12,0,1
0,0,0,0,0,1,0,1,1,1,0,1,15945,1,54,0,-1
1,1,1,1,0,1,0,0,0,0,0,0,2012,0,12,0,1
0,0,1,0,0,1,0,0,1,0,0,0,2622,0,18,0,1
0,1,1,0,1,1,1,0,1,0,0,0,2337,1,36,0,1
0,0,0,1,0,0,0,0,1,0,0,0,7057,0,20,0,1
1,0,0,0,1,1,0,0,0,0,0,0,1469,0,24,0,1
0,0,0,0,0,1,1,0,1,0,0,0,2323,1,36,0,1
1,0,1,0,1,1,1,0,0,0,0,0,932,1,6,0,1
0,1,0,0,0,1,0,0,1,0,0,0,1919,1,9,0,1
1,0,0,1,0,1,0,1,0,0,0,0,2445,0,12,0,1
0,1,1,0,0,1,0,0,1,0,0,0,11938,1,24,0,-1
1,0,1,0,0,0,0,0,0,1,1,0,6458,1,18,0,-1
0,0,1,0,0,1,0,0,1,0,0,0,6078,1,12,0,1
0,0,1,1,0,1,0,1,0,0,0,0,7721,0,24,1,1
0,0,1,0,1,1,0,0,1,0,0,0,1410,0,14,0,1
0,0,1,0,0,0,0,0,1,0,0,0,1449,0,6,0,1
0,0,0,0,0,1,0,1,0,0,0,0,392,1,15,0,1
0,0,0,0,1,1,0,0,1,0,0,0,6260,1,18,0,1
1,1,1,0,1,0,0,0,0,0,0,0,7855,1,36,0,-1
0,0,1,0,1,1,1,0,0,0,0,0,1680,0,12,1,1
1,1,1,1,1,1,1,0,0,0,0,0,3578,0,48,0,1
0,0,1,1,0,1,1,0,0,0,0,0,7174,0,42,1,-1
0,1,0,1,1,1,0,1,0,0,0,0,2132,0,10,1,1
0,1,1,0,0,1,0,0,0,0,0,0,4281,0,33,1,-1
0,1,1,0,0,1,0,0,1,0,0,0,2366,0,12,0,1
0,0,1,0,1,1,1,0,0,0,0,0,1835,1,21,1,-1
1,1,0,0,0,1,0,0,0,0,0,0,3868,1,24,0,1
1,0,0,0,1,1,0,0,0,0,0,0,1768,1,12,0,1
0,1,0,0,0,1,0,0,0,1,0,0,781,1,10,0,1
0,0,0,1,1,1,0,1,1,0,0,0,1924,0,18,0,-1
0,1,1,0,0,1,0,0,0,0,0,0,2121,1,12,1,1
0,0,1,0,1,1,1,0,0,0,0,0,701,1,12,1,1
0,0,1,0,0,1,0,0,1,0,0,0,639,1,12,0,-1
0,1,1,0,0,1,0,0,1,0,0,0,1860,1,12,0,1
0,1,1,0,1,1,0,0,0,0,0,0,3499,1,12,1,-1
0,0,1,1,0,1,0,0,1,0,0,0,8487,0,48,0,1
0,0,1,0,0,0,0,0,0,0,0,0,6887,1,36,1,-1
1,0,1,0,0,0,0,1,0,0,0,0,2708,1,15,0,1
1,0,0,0,0,0,0,0,0,1,0,0,1984,1,18,0,1
1,0,1,0,1,1,1,0,0,0,0,0,10144,0,60,0,1
1,1,1,1,1,1,1,0,0,0,0,0,1240,0,12,0,1
1,0,1,0,0,1,0,0,0,0,0,0,8613,0,27,0,1
0,0,1,0,1,1,1,0,1,0,0,0,766,0,12,0,-1
0,1,1,1,1,0,1,0,1,0,0,0,2728,0,15,0,1
0,0,0,0,0,1,1,0,0,0,0,0,1881,1,12,0,1
0,0,1,0,1,1,0,1,0,0,0,0,709,0,6,0,1
0,0,1,0,0,1,1,1,1,1,0,0,4795,1,36,0,1
0,0,1,0,0,1,1,0,0,0,0,0,3416,1,27,1,1
0,0,1,0,0,1,0,0,0,0,0,0,2462,1,18,1,-1
1,1,1,0,0,1,0,1,0,0,0,0,2288,1,21,0,1
0,0,1,0,0,1,0,0,1,0,1,0,3566,0,48,0,1
0,1,1,0,0,1,0,0,0,1,0,0,860,1,6,1,1
1,1,1,0,0,1,0,0,0,0,0,0,682,0,12,0,1
0,1,1,0,0,1,0,0,0,0,0,0,5371,1,36,1,1
1,1,1,0,0,1,1,0,0,0,0,0,1582,0,18,0,1
1,0,0,0,0,0,1,0,0,1,0,0,1346,0,6,0,1
1,0,1,0,0,1,1,0,0,0,0,0,1924,1,10,0,1
0,0,1,0,0,1,1,0,0,0,0,0,5848,1,36,0,1
0,1,0,0,0,1,0,0,1,1,0,0,7758,0,24,0,1
0,0,0,0,0,1,0,0,1,0,0,0,6967,0,24,0,1
0,0,0,0,0,1,0,0,0,0,0,0,1282,1,12,1,-1
0,1,1,0,1,1,0,0,0,0,0,0,1288,0,9,1,1
0,0,1,0,0,0,0,0,0,0,1,0,339,1,12,1,1
0,0,1,0,0,0,0,0,1,0,0,0,3512,0,24,0,1
1,1,1,1,1,1,1,0,0,0,0,0,1898,0,6,0,1
1,1,1,0,1,1,1,0,0,0,0,0,2872,0,24,0,1
1,1,1,0,0,1,0,1,0,0,0,0,1055,1,18,0,1
1,0,1,0,0,1,0,0,0,0,0,0,1262,0,15,0,1
0,0,0,0,0,0,0,0,1,1,0,0,7308,1,10,0,1
1,0,1,0,0,1,0,0,0,0,0,0,909,0,36,0,1
1,0,1,0,0,1,0,0,0,0,0,0,2978,0,6,0,1
0,0,1,0,0,1,0,0,0,0,0,0,1131,1,18,1,-1
0,0,1,0,1,1,0,1,1,0,0,0,1577,0,11,0,1
1,0,0,0,0,1,0,0,0,0,0,0,3972,1,24,0,1
0,1,1,0,1,1,0,0,1,0,0,0,1935,1,24,0,-1
0,0,0,0,0,1,0,0,0,0,0,1,950,1,15,1,-1
1,0,1,0,1,1,0,0,0,0,0,0,763,1,12,0,1
0,0,1,0,0,1,0,0,1,0,0,0,2064,1,24,0,-1
0,0,1,0,1,1,1,0,1,0,0,0,1414,1,8,0,1
0,0,1,0,0,1,0,1,0,0,0,0,3414,1,21,1,-1
1,0,1,1,1,0,0,0,0,0,1,0,7485,0,30,0,-1
0,0,1,0,0,1,0,0,0,0,0,0,2577,1,12,1,1
0,1,1,0,0,1,1,0,0,0,0,0,338,0,6,1,1
1,0,0,0,0,1,1,0,0,0,0,0,1963,1,12,0,1
0,1,1,0,1,1,0,0,0,0,0,0,571,1,21,1,1
1,0,1,0,0,1,0,1,0,0,0,0,9572,1,36,0,-1
0,0,1,0,1,0,0,0,1,0,0,0,4455,1,36,0,-1
0,0,1,1,0,1,0,0,0,0,1,0,1647,0,21,1,-1
1,1,1,0,1,1,0,0,0,0,0,0,3777,0,24,0,1
0,1,1,0,0,0,0,0,1,0,0,0,884,1,18,0,-1
1,1,1,0,0,1,1,0,0,0,0,0,1360,1,15,0,1
0,0,0,0,0,0,0,0,1,1,1,0,5129,1,9,0,-1
0,1,0,0,0,1,0,0,1,0,0,0,1175,1,16,0,1
0,0,1,0,0,1,1,0,0,0,0,0,674,0,12,1,-1
0,0,1,0,0,0,0,0,1,0,0,1,3244,1,18,0,1
1,0,1,0,0,1,0,0,0,0,0,0,4591,0,24,0,-1
0,0,0,0,0,1,0,0,1,1,0,1,3844,0,48,0,-1
0,0,1,0,0,1,0,0,1,0,0,0,3915,1,27,0,-1
1,0,0,0,1,1,1,0,0,0,0,0,2108,1,6,0,1
0,0,0,0,0,1,1,0,1,0,0,0,3031,0,45,0,-1
0,1,1,0,0,1,0,0,1,0,0,0,1501,1,9,0,-1
1,1,1,0,0,1,1,0,0,0,0,0,1382,1,6,0,1
0,0,0,0,0,0,0,1,1,0,0,0,951,0,12,0,-1
0,0,0,1,0,0,0,0,1,1,0,0,2760,0,24,0,1
0,0,1,0,0,1,0,0,1,1,0,0,4297,1,18,0,-1
1,1,1,0,0,1,0,0,0,0,0,0,936,0,9,0,1
0,0,1,0,1,1,0,0,0,0,0,0,1168,1,12,1,1
1,0,1,0,0,1,0,0,0,0,0,0,5117,1,27,0,1
0,0,0,0,0,1,0,0,0,0,0,0,902,1,12,1,-1
1,1,1,0,1,1,0,0,0,0,0,0,1495,1,12,0,1
0,1,0,0,0,1,0,0,0,1,0,0,10623,1,30,1,1
1,1,1,0,1,1,0,0,0,0,0,0,1935,1,12,0,1
0,1,1,0,0,1,0,0,1,0,0,0,1424,1,12,0,1
0,0,1,0,0,0,0,0,0,0,0,0,6568,1,24,1,1
1,0,1,0,0,1,0,0,0,0,0,0,1413,0,12,0,1
1,1,1,1,1,1,1,0,0,0,0,0,3074,0,9,0,1
1,0,1,1,1,1,1,0,0,0,0,0,3835,0,36,0,1
0,0,1,0,0,0,0,0,0,0,0,1,5293,1,27,1,-1
0,0,1,0,1,1,0,0,0,0,0,0,1908,1,30,0,-1
1,1,1,1,0,1,1,0,0,0,0,0,3342,0,36,0,1
0,1,1,1,0,1,0,0,1,0,0,0,932,0,6,0,1
0,0,1,0,0,0,0,0,0,0,0,1,3104,1,18,1,1
0,0,1,0,1,1,1,0,0,0,0,0,3913,1,36,0,1
0,0,0,0,1,1,0,0,0,0,0,0,3021,1,24,1,1
1,0,1,0,0,1,0,0,0,0,0,0,1364,1,10,0,1
0,0,1,0,1,0,1,1,1,0,0,0,625,1,12,0,1
0,0,0,1,0,0,0,0,0,0,0,0,1200,0,12,1,1
1,0,1,0,1,0,1,0,0,0,0,0,707,1,12,0,1
1,0,1,1,1,1,0,0,0,0,0,0,2978,0,24,0,1
1,0,1,0,0,1,0,0,0,0,0,0,4657,1,15,0,1
1,0,1,0,0,1,0,0,0,0,0,1,2613,1,36,0,1
0,0,1,0,0,0,1,0,1,1,0,0,10961,0,48,0,-1
0,0,0,0,0,1,0,0,0,1,0,0,7865,1,12,1,-1
1,0,1,0,0,1,1,0,0,0,0,0,1478,1,9,0,-1
0,0,0,0,0,0,0,1,0,1,0,0,3149,1,24,1,1
0,0,1,0,0,1,1,0,0,0,0,0,4210,1,36,0,-1
1,0,0,0,0,1,0,0,0,1,0,0,2507,0,9,0,1
1,0,1,0,0,1,1,0,0,1,0,0,2141,0,12,0,1
0,0,1,0,1,1,1,0,1,0,0,0,866,1,18,0,1
1,1,1,0,1,1,1,0,0,0,0,0,1544,1,4,0,1
0,0,1,0,0,0,1,0,0,0,0,0,1823,1,24,1,-1
0,0,1,1,0,1,0,0,1,0,0,0,14555,0,6,0,-1
0,0,0,0,0,0,0,0,1,0,0,0,2767,0,21,0,-1
1,1,1,0,0,1,1,0,0,0,0,0,1291,1,12,0,1
0,0,1,0,0,1,1,0,0,0,0,0,2522,1,30,1,1
0,0,1,1,0,0,0,0,0,0,0,0,915,0,24,1,-1
1,0,1,0,0,1,1,0,0,0,0,0,1595,1,6,0,1
0,0,0,0,0,1,0,0,0,1,0,1,4605,1,48,1,-1
1,1,1,0,1,1,0,0,0,0,0,0,1185,1,12,0,1
1,0,1,0,1,1,0,0,0,0,1,0,3447,0,12,0,1
1,0,1,0,1,1,0,0,0,0,0,0,1258,1,24,0,1
1,1,1,0,1,1,1,0,0,0,0,0,717,1,12,0,1
1,0,0,0,0,0,0,0,0,1,0,1,1204,0,6,0,1
0,0,1,0,1,1,0,0,0,0,0,0,1925,1,24,0,1
1,0,0,0,1,1,1,0,0,0,0,0,433,1,18,0,-1
0,1,1,0,1,1,0,0,0,0,0,0,666,0,6,1,1
0,0,1,0,0,1,0,0,0,0,0,0,2251,1,12,0,1
0,0,1,0,0,0,0,0,1,1,0,0,2150,1,30,0,-1
1,0,1,0,0,1,0,0,0,0,0,0,4151,0,24,0,1
0,0,1,1,0,1,0,0,1,0,0,0,2030,0,9,0,1
0,0,1,1,1,1,1,0,1,0,0,0,7418,0,60,0,1
1,1,1,0,1,1,1,0,0,0,0,0,2684,1,24,0,1
0,0,0,0,0,1,1,0,0,1,1,0,2149,1,12,1,-1
1,0,1,0,0,1,0,1,0,0,0,0,3812,0,15,0,1
1,1,1,0,1,1,1,0,0,0,0,0,1154,0,11,0,1
0,0,1,0,1,1,0,0,0,0,0,0,1657,1,12,1,1
0,0,1,0,0,1,1,0,0,0,0,0,1603,1,24,1,1
0,1,0,0,0,1,0,0,0,1,0,0,5302,1,18,1,1
1,1,0,0,0,0,0,0,0,1,0,0,2748,1,12,0,1
1,1,1,0,1,1,0,0,0,0,0,0,1231,1,10,0,1
0,0,1,0,0,1,1,0,1,0,0,0,802,1,15,0,-1
1,1,1,1,1,1,0,0,0,0,0,0,6304,0,36,0,1
1,0,1,0,0,0,1,1,0,0,0,0,1533,1,24,0,1
0,0,1,0,0,1,0,0,0,0,0,0,8978,1,14,1,-1
1,0,1,1,0,1,1,0,0,0,0,0,999,0,24,0,1
1,0,1,1,0,1,0,0,0,0,0,0,2662,0,18,0,1
1,1,0,0,0,1,0,0,0,0,0,0,1402,0,12,0,1
0,0,0,1,0,1,0,0,1,1,1,0,12169,0,48,0,1
0,0,1,0,1,1,1,0,1,0,0,0,3060,1,48,0,-1
0,0,1,0,0,1,0,1,0,1,0,0,11998,1,30,1,-1
1,0,1,0,1,1,1,0,0,0,0,0,2697,1,9,0,1
1,1,1,0,0,1,1,0,0,0,0,0,2404,1,18,0,1
0,0,1,1,0,1,0,0,0,0,0,0,1262,0,12,1,1
1,0,1,0,0,1,0,1,0,0,0,0,4611,1,6,0,-1
1,0,0,0,0,1,1,0,0,0,0,0,1901,0,24,0,1
1,1,0,0,0,1,0,0,0,1,0,0,3368,0,15,0,1
1,0,1,0,1,1,0,0,0,0,0,0,1574,1,12,0,1
0,0,1,1,0,0,1,0,0,0,1,0,1445,0,18,0,1
1,1,1,1,0,1,0,0,0,0,0,0,1520,0,15,0,1
0,1,1,0,0,1,0,1,1,0,0,0,3878,0,24,0,1
0,0,1,0,1,1,0,1,0,0,0,0,10722,1,47,1,1
0,0,1,0,0,1,0,0,0,0,0,0,4788,1,48,1,1
0,0,0,0,0,1,0,0,1,1,0,0,7582,0,48,0,1
0,0,1,0,1,1,1,0,1,0,0,0,1092,1,12,0,1
0,0,1,0,1,0,1,1,0,0,0,0,1024,1,24,1,-1
1,0,1,0,1,1,0,0,0,0,0,0,1076,1,12,0,1
0,0,0,0,0,1,0,1,1,0,0,0,9398,1,36,0,-1
0,1,0,0,0,1,0,0,0,1,0,0,6419,1,24,1,1
0,1,0,0,0,1,0,0,0,1,0,0,4796,1,42,0,1
1,1,1,1,0,0,0,0,0,0,0,0,7629,0,48,0,1
0,0,1,0,0,1,0,1,1,0,0,0,9960,1,48,0,-1
1,0,0,1,0,1,0,1,0,0,0,0,4675,0,12,0,1
1,0,1,1,0,1,0,0,0,0,0,0,1287,0,10,0,1
1,0,1,0,1,1,0,0,0,0,0,0,2515,1,18,0,1
0,1,1,0,0,1,0,0,1,0,0,0,2745,0,21,0,1
1,0,1,0,1,1,0,0,0,0,0,0,672,1,6,0,1
0,0,1,0,0,1,1,0,1,0,0,1,3804,1,36,0,-1
0,1,1,1,1,0,0,0,0,0,0,0,1344,0,24,0,-1
0,1,1,0,0,1,0,0,0,0,0,0,1038,1,10,1,1
1,1,0,0,0,0,0,0,0,1,0,0,10127,0,48,0,-1
1,0,1,0,1,1,0,0,0,0,0,0,1543,0,6,0,1
1,0,0,1,0,0,0,0,0,0,0,0,4811,0,30,0,1
0,0,1,0,0,1,1,1,0,1,0,0,727,0,12,1,-1
0,0,1,0,1,1,0,0,1,0,0,0,1237,1,8,0,-1
0,0,0,0,1,1,0,0,1,0,0,0,276,1,9,0,1
0,0,0,1,0,0,0,0,1,1,0,0,5381,0,48,0,1
1,0,1,0,0,0,0,0,0,0,0,0,5511,0,24,0,1
0,0,1,0,0,1,0,1,0,0,0,0,3749,1,24,0,1
0,0,1,0,0,0,0,0,1,0,0,0,685,1,12,0,-1
0,0,1,1,1,1,0,1,0,0,0,0,1494,0,4,0,1
0,0,1,0,0,0,0,0,0,0,1,0,2746,1,36,1,-1
0,0,1,0,0,1,0,0,0,0,0,0,708,1,12,1,1
0,0,1,1,0,1,0,0,1,0,0,0,4351,0,24,0,1
1,1,1,0,0,1,0,0,0,0,0,0,701,1,12,0,1
0,0,1,0,0,1,0,0,0,0,0,0,3643,1,15,1,1
0,1,1,0,0,1,0,0,1,0,0,0,4249,1,30,0,-1
0,0,1,0,0,1,1,1,0,0,0,0,1938,1,24,1,-1
0,0,0,0,0,1,0,0,0,1,0,0,2910,1,24,1,1
0,0,1,0,0,1,0,0,0,0,0,0,2659,0,18,1,1
1,1,1,0,1,1,0,0,0,0,0,0,1028,1,18,0,1
0,1,1,0,1,1,0,0,0,0,0,0,3398,1,8,1,1
1,1,0,1,0,1,0,0,0,0,0,0,5801,0,12,0,1
1,0,1,0,0,1,0,0,0,0,0,0,1525,0,24,0,1
0,0,1,0,0,1,1,0,0,0,0,0,4473,1,36,0,1
0,0,1,0,0,1,1,0,1,0,0,0,1068,1,6,0,1
0,1,0,0,0,1,0,0,0,1,0,0,6615,1,24,1,1
1,1,1,0,1,1,0,0,0,0,0,0,1864,0,18,0,-1
0,0,1,0,0,1,0,1,1,0,0,0,7408,0,60,0,-1
1,1,0,0,0,0,0,0,0,0,0,0,11590,0,48,0,-1
0,0,0,0,0,0,0,0,0,1,0,1,4110,1,24,1,-1
0,1,0,0,1,1,0,0,0,0,0,0,3384,1,6,1,-1
0,0,1,0,0,1,1,1,1,0,0,0,2101,1,13,0,1
0,0,0,1,0,1,0,0,0,0,0,0,1275,0,15,1,-1
0,0,1,0,0,1,0,0,0,0,0,0,4169,1,24,1,1
0,0,1,0,0,1,0,0,1,0,0,0,1521,1,10,0,1
0,1,0,0,0,1,0,1,1,1,0,0,5743,1,24,0,1
0,0,0,0,0,1,0,0,0,0,0,0,3599,1,21,1,1
0,0,0,0,1,1,1,1,1,0,0,0,3213,0,18,0,1
0,0,1,0,1,0,0,0,1,0,0,0,4439,1,18,0,1
0,0,1,0,0,1,0,1,0,0,0,0,3949,1,10,0,1
1,1,1,0,0,1,1,0,0,0,0,0,1459,1,15,0,1
0,1,1,0,1,1,1,1,1,0,0,0,882,1,13,0,1
0,0,0,0,0,1,1,0,1,1,0,0,3758,0,24,0,1
1,0,1,0,1,1,0,0,0,0,0,0,1743,0,6,0,1
0,1,0,0,0,1,0,0,1,1,0,0,1136,0,9,0,-1
1,0,0,0,1,1,0,1,0,0,0,0,1236,1,9,0,1
0,0,1,0,0,1,0,0,1,0,0,0,959,1,9,0,-1
1,1,1,1,0,1,0,0,0,1,0,0,3229,0,18,0,1
0,0,0,0,0,1,1,0,0,0,0,1,6199,1,12,1,-1
1,0,0,0,0,1,0,0,0,1,0,0,727,0,10,0,1
0,0,1,0,1,0,0,1,1,0,0,0,1246,1,24,0,-1
1,1,1,1,1,1,1,0,0,0,0,0,2331,0,12,0,1
1,0,1,0,0,1,1,0,0,0,0,0,4463,1,36,0,-1
1,0,1,0,1,1,1,0,0,0,0,0,776,1,12,0,1
0,0,0,0,1,1,0,0,0,0,0,0,2406,1,30,1,-1
0,0,0,1,0,1,0,0,1,1,0,0,1239,0,18,0,1
0,0,1,1,0,1,1,0,0,0,0,0,3399,0,12,0,1
0,0,1,0,0,0,0,0,0,0,0,0,2247,1,12,0,1
1,0,0,0,0,1,0,0,0,0,0,0,1766,1,6,0,1
0,0,1,0,0,1,0,0,0,0,0,0,2473,1,18,1,-1
1,0,1,0,0,1,0,0,0,0,0,0,1542,1,12,0,1
1,1,1,0,0,1,0,0,0,0,0,0,3850,1,18,0,1
0,0,0,0,0,1,0,1,0,0,0,0,3650,1,18,1,1
0,0,1,0,0,1,0,0,0,0,0,0,3446,1,36,1,-1
0,0,0,0,1,1,0,0,1,0,0,0,3001,1,18,0,1
1,0,1,1,1,1,0,0,0,0,0,0,3079,0,36,0,1
1,1,1,0,0,1,1,0,0,0,0,0,6070,1,18,0,1
1,1,0,0,1,1,0,1,0,0,0,0,2146,1,10,0,1
1,1,0,1,0,0,0,0,0,1,0,0,13756,0,60,0,1
0,0,0,0,0,0,0,0,1,1,1,0,14782,0,60,0,-1
0,0,0,0,0,1,0,0,0,0,1,0,7685,1,48,1,-1
1,0,1,0,1,1,1,0,0,0,0,0,2320,1,18,0,1
1,0,0,1,0,1,1,0,0,1,0,0,846,0,7,0,1
0,0,0,0,0,1,0,0,1,1,0,0,14318,1,36,0,-1
1,1,1,0,0,1,0,0,0,0,0,0,362,0,6,0,1
0,0,1,1,0,1,0,0,0,0,0,0,2212,0,20,1,1
0,0,0,0,0,1,0,0,1,1,0,0,12976,1,18,0,-1
1,0,0,1,0,1,0,0,0,0,0,0,1283,0,22,0,1
0,0,1,0,1,1,0,1,0,0,0,0,1330,1,12,0,1
1,0,1,0,0,1,0,0,0,0,0,0,4272,0,30,0,1
1,1,1,0,0,1,1,0,0,0,0,0,2238,1,18,0,1
1,0,0,1,1,1,1,1,0,0,0,0,1126,0,18,0,1
0,1,1,0,0,0,0,0,1,0,0,0,7374,1,18,0,1
0,1,1,0,0,0,0,0,1,0,0,0,2326,0,15,0,1
1,0,1,0,0,1,0,0,0,0,0,0,1449,1,9,0,1
1,0,1,0,0,1,0,0,0,0,0,0,1820,1,18,0,1
0,0,0,0,1,1,0,1,1,0,0,0,983,0,12,0,1
0,0,0,0,0,0,0,0,0,1,0,0,3249,1,36,1,1
0,1,1,0,0,1,1,0,0,0,0,0,1957,1,6,1,1
1,1,1,0,0,1,0,0,0,0,0,0,2406,1,9,0,1
0,0,0,0,0,1,0,0,1,1,0,0,11760,0,39,0,1
0,0,0,0,0,1,0,0,0,1,0,0,2578,1,12,1,1
0,1,1,0,0,1,0,0,0,0,0,0,2348,1,36,1,1
0,0,0,0,1,1,0,0,1,0,0,0,1223,1,12,0,-1
1,1,1,0,1,1,1,0,0,0,0,0,1516,0,24,0,1
1,0,1,0,1,1,1,1,0,0,0,0,1473,1,18,0,1
0,1,1,1,1,0,0,0,1,0,0,0,1887,0,18,0,1
1,0,1,0,0,0,0,1,0,0,0,0,8648,1,24,0,-1
1,0,1,0,0,1,0,0,0,0,0,0,802,1,14,0,1
0,0,1,1,0,1,0,0,1,0,0,0,2899,0,18,0,1
0,0,1,0,0,1,1,1,1,0,0,0,2039,1,24,0,-1
1,1,1,1,0,1,0,0,0,0,0,0,2197,0,24,0,1
0,0,1,0,1,1,1,1,0,0,0,0,1053,1,15,1,1
1,0,1,0,0,1,1,0,0,0,0,0,3235,0,24,0,1
0,1,1,0,1,1,0,0,0,0,0,0,939,0,12,0,-1
0,0,1,0,0,1,1,0,1,0,0,0,1967,1,24,0,1
1,1,1,0,0,1,0,0,0,0,0,0,7253,1,33,0,1
1,1,1,0,0,0,0,0,0,0,0,0,2292,1,12,0,-1
1,0,0,0,0,1,0,0,0,1,0,0,1597,0,10,0,1
0,0,1,1,0,1,0,0,0,0,0,0,1381,0,24,1,-1
1,1,1,0,0,1,0,0,0,0,0,0,5842,1,36,0,1
0,0,1,0,1,1,0,1,0,0,0,0,2579,1,12,1,-1
0,0,0,1,0,1,0,0,0,0,0,0,8471,0,18,1,1
1,0,1,0,0,0,0,0,0,0,0,0,2782,0,21,0,1
0,0,1,1,0,1,0,0,1,0,0,0,1042,0,18,0,-1
1,0,0,0,0,1,0,0,0,0,0,0,3186,0,15,0,1
0,0,1,1,0,1,0,0,1,0,0,0,2028,0,12,0,1
0,1,1,0,1,1,0,0,1,0,0,0,958,1,12,0,1
1,0,1,0,1,1,0,0,0,0,0,0,1591,0,21,0,1
0,0,1,1,0,0,0,0,1,0,0,0,2762,0,12,0,-1
0,0,0,0,0,1,0,0,1,0,0,0,2779,1,18,0,1
1,1,1,0,0,1,1,0,0,0,0,0,2743,1,28,0,1
1,1,1,0,1,1,1,0,0,0,0,0,1149,0,18,0,1
1,0,1,0,0,1,0,0,0,0,0,0,1313,1,9,0,1
0,1,0,0,0,1,0,0,0,1,0,0,1190,1,18,1,-1
1,0,1,0,1,1,0,0,0,0,0,0,3448,1,5,0,1
0,0,1,0,0,0,0,0,1,0,0,0,11328,1,24,0,-1
0,1,0,0,0,1,0,0,0,1,0,0,1872,1,6,1,1
1,1,1,0,1,1,0,0,0,0,0,0,2058,1,24,0,1
0,0,1,0,1,1,0,0,0,0,0,0,2136,1,9,1,1
0,0,1,1,1,1,1,0,1,0,0,0,1484,0,12,0,-1
1,0,0,0,1,1,0,0,0,0,0,0,660,0,6,0,1
1,1,1,0,1,1,0,0,0,0,0,0,1287,0,24,0,1
0,1,1,0,0,1,0,0,0,0,0,0,3394,1,42,1,1
0,0,1,0,1,1,0,1,0,0,1,0,609,1,12,0,-1
1,0,1,0,0,1,0,0,0,0,0,0,1884,1,12,0,1
0,0,1,0,0,1,0,0,0,0,0,0,1620,1,12,1,1
0,0,1,0,0,0,0,0,1,0,0,0,2629,1,20,0,1
1,0,1,0,0,0,0,0,0,0,0,0,719,1,12,0,-1
0,1,1,0,0,1,0,0,1,0,0,0,5096,1,48,0,-1
1,1,0,1,0,1,0,0,0,0,0,0,1244,0,9,0,1
0,0,1,0,0,1,0,1,0,0,0,0,1842,1,36,1,-1
0,0,1,0,1,1,1,0,1,0,0,0,2576,1,7,0,1
0,0,1,1,1,1,0,0,0,0,0,0,1424,0,12,0,1
0,0,1,0,0,0,0,0,1,0,0,0,1512,0,15,0,-1
1,1,1,1,0,1,0,0,0,0,0,0,11054,0,36,0,1
1,0,1,0,1,1,1,0,0,0,0,0,518,1,6,0,1
1,0,1,0,0,1,0,0,0,0,0,1,2759,1,12,0,1
1,0,1,0,0,1,0,0,0,0,0,0,2670,1,24,0,1
0,0,1,0,0,1,0,0,0,0,0,0,4817,1,24,1,-1
1,0,1,0,0,1,0,1,0,1,0,0,2679,1,24,0,1
0,1,0,0,1,1,0,0,0,0,0,0,3905,1,11,1,1
0,0,0,0,0,1,0,0,0,1,0,0,3386,1,12,1,-1
0,0,1,0,1,1,0,1,0,0,0,0,343,1,6,1,1
1,0,1,0,0,1,1,1,0,0,0,0,4594,1,18,0,1
0,0,1,0,0,1,0,0,0,0,0,0,3620,1,36,1,1
0,0,1,0,1,1,0,1,0,0,0,0,1721,1,15,1,1
0,0,0,0,1,1,0,1,1,0,0,0,3017,1,12,0,1
0,0,1,1,0,1,0,0,1,0,0,0,754,0,12,0,1
1,0,1,0,0,0,0,0,0,0,0,0,1950,1,18,0,1
0,0,1,0,0,0,0,0,0,1,0,0,2924,1,24,1,1
0,0,0,0,0,1,1,1,0,0,0,0,1659,1,24,1,-1
1,0,1,1,0,0,1,0,0,0,0,0,7238,0,48,0,1
1,0,1,0,0,1,0,0,0,0,0,0,2764,1,33,0,1
1,0,1,0,0,1,0,0,0,0,0,0,4679,1,24,0,1
0,0,0,0,0,1,1,1,1,0,0,0,3092,0,24,0,-1
0,0,1,0,0,1,0,1,0,0,0,0,448,1,6,1,-1
0,0,1,0,0,1,0,0,0,0,0,0,654,1,9,1,-1
1,0,1,1,0,1,0,0,0,0,0,0,1238,0,6,0,1
0,1,1,0,0,1,1,0,1,0,0,0,1245,1,18,0,-1
0,0,0,0,0,1,0,1,0,0,0,1,3114,1,18,1,-1
1,0,1,0,0,1,0,0,0,0,0,0,2569,0,39,0,1
0,0,1,0,0,0,1,0,0,0,0,0,5152,1,24,0,1
0,0,1,0,1,1,0,0,1,0,0,0,1037,0,12,0,1
0,1,1,0,0,1,0,0,0,0,0,0,1478,1,15,1,1
0,1,1,0,1,1,1,0,1,0,0,0,3573,1,12,0,1
0,0,1,0,0,1,0,1,1,0,0,0,1201,1,24,0,1
0,0,0,0,0,1,0,0,0,0,0,0,3622,0,30,1,1
1,0,1,0,0,1,0,0,0,0,0,0,960,0,15,0,1
1,1,1,0,1,1,0,0,0,0,0,0,1163,0,12,0,1
0,0,1,0,0,1,0,0,1,0,0,0,1209,1,6,0,-1
1,0,1,0,0,1,1,0,0,0,0,0,3077,1,12,0,1
1,0,0,0,0,1,0,0,0,1,0,0,3757,1,24,0,1
1,0,0,0,1,1,0,0,0,0,0,0,1418,0,10,0,1
1,0,0,0,0,1,0,0,0,0,0,0,3518,1,6,0,1
1,1,1,0,0,1,1,0,0,1,0,0,1934,1,12,0,1
0,0,0,0,0,1,0,0,1,1,0,1,8318,1,27,0,-1
1,1,1,0,0,1,1,0,0,0,0,0,1237,0,6,0,1
0,0,1,1,0,1,1,0,1,0,0,0,368,0,6,0,1
0,1,0,0,1,1,0,0,0,0,0,0,2122,1,12,1,1
0,0,1,1,0,1,0,0,0,0,0,0,2996,0,24,1,-1
0,0,0,0,0,1,0,1,1,1,0,0,9034,0,36,0,-1
1,1,1,0,0,1,0,0,0,0,0,0,1585,1,24,0,1
0,0,1,0,1,1,1,0,1,0,0,0,1301,1,18,0,1
0,1,1,0,0,1,0,0,0,0,0,0,1323,0,6,0,1
0,0,1,0,0,1,0,1,0,0,0,0,3123,1,24,1,-1
0,0,0,0,0,1,0,0,0,1,0,0,5493,1,36,1,1
0,0,1,0,1,1,1,0,0,0,0,0,1126,0,9,0,1
0,1,1,0,0,0,1,1,1,1,0,0,1216,0,24,0,-1
0,0,0,0,0,1,0,1,0,0,0,0,1207,1,24,1,-1
1,0,1,1,0,1,0,0,0,0,0,0,1309,0,10,0,-1
0,1,1,0,0,1,0,0,0,0,0,0,2360,0,15,0,1
0,0,1,0,0,1,0,0,1,0,1,0,6850,0,15,0,-1
1,0,1,0,0,1,1,0,0,0,0,0,1413,1,24,0,1
1,0,1,0,0,1,0,0,0,0,0,0,8588,0,39,0,1
0,0,1,0,1,1,0,0,0,0,0,0,759,1,12,1,-1
1,0,0,0,0,1,0,0,0,1,0,0,4686,1,36,0,1
0,0,0,0,0,1,0,0,0,0,0,0,2687,1,15,0,1
0,0,0,0,1,1,1,0,1,0,0,0,585,1,12,0,1
1,0,1,1,0,1,0,1,0,0,0,0,2255,0,24,0,1
0,1,1,0,0,1,0,0,0,0,0,0,609,1,6,1,1
0,1,1,0,1,1,0,1,0,0,0,0,1361,1,6,1,1
1,1,0,0,0,1,0,1,0,0,0,0,7127,1,36,0,-1
0,0,1,0,0,1,0,0,0,0,0,0,1203,0,6,1,1
1,1,0,1,0,1,1,0,0,1,0,0,700,0,6,0,1
1,1,0,0,0,1,0,0,0,1,0,0,5507,1,24,0,1
0,0,1,0,1,1,1,0,0,0,0,0,3190,1,18,1,-1
0,0,0,0,0,1,0,0,0,1,0,1,7119,1,48,1,-1
1,0,1,0,0,1,0,0,0,0,0,0,3488,0,24,0,1
0,0,1,0,1,1,1,0,1,0,0,0,1113,1,18,0,1
0,0,1,0,0,1,0,1,1,0,0,0,7966,1,26,0,1
1,1,1,0,0,1,0,0,0,0,0,0,1532,0,15,0,1
1,1,1,0,1,1,1,0,0,0,0,0,1503,1,4,0,1
0,0,0,0,0,1,1,0,0,0,0,0,2302,1,36,1,-1
0,0,1,0,1,1,0,1,0,0,0,0,662,1,6,1,1
0,0,1,0,0,1,0,0,1,0,0,0,2273,1,36,0,1
0,0,0,0,0,1,0,0,1,0,0,0,2631,0,15,0,-1
1,0,0,0,1,1,0,0,0,0,0,0,1503,1,12,0,1
1,0,1,0,0,1,1,0,0,0,0,0,1311,0,24,0,1
1,0,1,1,0,1,1,1,0,0,0,0,3105,0,24,0,1
0,1,0,0,0,1,0,1,0,0,0,0,2319,1,21,0,-1
0,0,1,1,0,1,0,0,0,0,0,0,1374,0,6,1,1
0,1,1,0,0,1,0,0,1,0,0,0,3612,1,18,0,1
0,0,0,0,0,0,0,0,0,1,0,0,7763,1,48,1,-1
0,0,1,0,0,0,0,1,0,0,0,0,3049,1,18,0,1
0,0,0,0,1,1,1,1,1,0,0,0,1534,1,12,0,-1
1,0,0,0,0,1,0,0,0,1,0,0,2032,1,24,0,1
0,0,1,1,0,1,0,0,0,0,0,0,6350,0,30,1,-1
0,0,1,0,1,1,0,0,0,0,0,0,2864,1,18,0,-1
1,1,1,0,1,1,0,0,0,0,0,0,1255,1,12,0,1
0,0,0,0,1,1,0,0,0,0,0,0,1333,1,24,1,-1
1,1,1,0,0,1,0,0,0,0,0,0,2022,1,24,0,1
1,0,1,0,0,0,1,0,0,0,0,0,1552,1,24,0,1
0,0,1,0,1,0,1,0,0,0,1,0,626,1,12,1,-1
1,1,0,1,0,1,0,0,0,1,0,0,8858,0,48,0,1
1,1,1,1,1,1,0,0,0,0,0,0,996,0,12,0,1
1,0,1,0,0,0,1,0,0,0,1,0,1750,0,6,0,1
0,0,1,0,1,1,1,0,0,0,0,0,6999,1,48,1,-1
0,1,1,0,0,1,0,1,1,0,0,0,1995,0,12,0,1
0,0,1,0,0,1,0,0,1,0,0,0,1199,1,9,0,1
0,0,1,0,0,0,1,1,1,0,0,0,1331,1,12,0,-1
0,0,1,0,0,1,0,1,1,0,0,1,2278,0,18,0,-1
1,0,1,1,0,0,0,0,0,0,0,1,5003,0,21,0,-1
0,0,1,0,0,0,0,0,0,0,1,0,3552,1,24,1,-1
0,1,1,0,1,1,0,1,1,0,0,0,1928,1,18,0,-1
0,0,0,1,0,0,0,0,0,1,0,0,2964,0,24,1,1
0,0,0,0,0,0,1,0,0,0,1,0,1546,1,24,1,-1
0,0,1,0,0,0,1,1,0,0,0,0,683,1,6,0,1
0,0,0,1,0,1,0,0,1,1,0,0,12389,0,36,0,-1
0,0,1,1,0,0,0,0,1,0,0,0,4712,0,24,0,1
0,0,0,0,0,1,1,0,1,0,0,0,1553,0,24,0,1
0,0,1,0,0,1,0,0,0,0,0,0,1372,1,12,1,-1
1,1,1,0,0,1,1,0,0,0,0,0,2578,0,24,0,1
0,0,1,1,0,1,1,0,1,0,0,0,3979,0,48,0,1
0,0,1,0,0,1,1,0,0,0,0,0,6758,1,48,1,-1
0,0,0,0,1,1,0,1,0,0,0,0,3234,1,24,1,-1
1,1,1,0,0,1,1,0,0,0,0,0,5954,1,30,0,1
1,0,0,1,0,1,0,0,0,0,0,0,5433,0,24,0,1
0,0,1,0,0,1,0,0,0,0,0,0,806,1,15,1,1
0,0,1,0,0,1,1,0,1,0,0,0,1082,1,9,0,1
1,1,1,0,0,0,0,0,0,0,0,0,2788,1,15,0,1
0,0,1,0,1,1,1,0,1,0,0,0,2930,1,12,0,1
1,1,1,1,0,1,0,0,0,0,0,0,1927,0,24,0,1
0,1,1,0,0,1,0,1,1,0,0,0,2820,1,36,0,-1
1,0,1,0,0,1,0,1,0,0,0,0,937,1,24,0,1
0,1,1,0,1,0,0,0,1,0,0,0,1056,1,18,0,-1
0,1,1,0,1,0,0,1,1,0,0,0,3124,1,12,0,1
1,0,0,0,1,1,0,0,0,0,0,0,1388,1,9,0,1
0,0,0,0,0,1,0,1,1,1,0,0,2384,1,36,0,-1
1,0,0,1,0,1,0,0,0,1,0,0,2133,0,12,0,1
0,0,0,0,1,0,0,0,0,0,0,0,2039,1,18,1,-1
0,1,0,0,1,1,0,0,0,0,0,0,2799,1,9,1,1
0,0,1,0,0,1,0,0,0,0,0,0,1289,1,12,1,1
0,0,1,0,1,1,0,0,0,0,0,0,1217,1,18,1,-1
0,1,1,0,0,1,0,0,0,0,0,0,2246,1,12,1,-1
0,1,1,0,1,1,1,0,0,0,0,0,385,1,12,1,1
0,0,0,1,0,1,0,0,1,0,0,0,1965,0,24,0,1
1,0,1,0,1,0,0,0,0,0,0,0,1572,0,21,0,1
0,0,0,0,0,1,0,0,1,0,0,0,2718,1,24,0,-1
0,0,1,1,0,0,0,0,0,0,1,0,1358,0,24,1,-1
0,0,1,0,0,0,0,1,1,0,1,0,931,0,6,0,-1
0,0,0,0,0,1,0,0,0,0,0,0,1442,1,24,1,-1
0,0,1,0,1,1,0,0,1,0,0,1,4241,1,24,0,-1
1,1,1,0,0,0,0,0,0,0,0,0,2775,1,18,0,-1
1,0,0,0,0,1,0,0,0,1,0,0,3863,1,24,0,1
0,0,1,0,1,1,1,1,1,0,0,0,2329,1,7,0,1
0,0,1,0,0,1,0,0,1,0,0,0,918,1,9,0,-1
0,0,0,0,0,0,0,0,1,1,1,0,1837,1,24,0,-1
1,0,1,0,0,1,0,0,0,0,0,0,3349,1,36,0,-1
0,0,1,0,0,1,0,1,0,0,0,0,1275,1,10,0,1
0,0,1,0,1,0,0,0,0,0,1,0,2828,0,24,1,1
1,1,1,0,1,1,0,0,0,0,0,0,4526,1,24,0,1
0,0,0,0,0,1,1,0,1,1,0,0,2671,0,36,0,-1
1,0,1,0,1,1,1,1,0,0,0,0,2051,1,18,0,1
1,0,0,1,0,0,0,0,0,1,0,0,1300,0,15,0,1
0,0,1,0,0,1,0,0,0,0,0,0,741,0,12,1,-1
0,0,0,0,0,1,0,0,0,1,0,0,1240,0,10,0,-1
0,0,1,0,0,0,1,1,0,0,0,0,3357,0,21,1,1
0,0,0,0,0,0,0,0,0,0,1,0,3632,1,24,1,1
1,0,1,0,1,1,0,0,0,0,0,0,1808,1,18,0,-1
0,0,1,1,0,0,0,0,1,0,0,1,12204,0,48,0,1
0,0,0,1,0,1,1,0,1,1,0,0,9157,0,60,0,1
0,1,0,0,1,1,0,0,0,0,0,0,3676,1,6,1,1
0,0,0,0,0,1,0,0,1,0,0,0,3441,0,30,0,-1
1,0,1,0,1,1,0,0,0,0,0,0,640,1,12,0,1
0,1,1,0,0,1,0,0,1,0,0,0,3652,1,21,0,1
1,1,1,0,0,0,0,0,0,0,0,0,1530,1,18,0,-1
1,0,1,1,1,0,0,0,0,0,0,0,3914,0,48,0,-1
0,0,0,0,0,1,0,1,0,0,0,0,1858,1,12,1,1
0,0,0,0,0,1,1,0,0,1,0,0,2600,1,18,1,-1
1,0,1,1,0,1,1,0,0,0,0,0,1979,0,15,0,1
0,0,1,0,1,1,0,0,0,0,0,0,2116,1,6,0,1
0,0,1,0,0,1,0,0,1,1,1,0,1437,0,9,0,-1
1,1,1,0,1,1,0,0,0,0,0,0,4042,0,42,0,1
1,0,1,1,1,1,0,0,0,0,0,0,3832,0,9,0,1
0,0,1,0,0,1,1,0,0,0,0,0,3660,1,24,1,1
0,0,1,0,0,0,0,0,0,0,1,0,1553,1,18,1,-1
0,0,1,1,0,1,1,1,1,0,0,0,1444,0,15,0,1
1,0,0,0,0,1,0,1,0,0,0,0,1980,1,9,0,-1
0,0,1,0,0,1,0,1,1,0,0,0,1355,1,24,0,-1
1,0,1,0,0,0,0,0,0,0,0,0,1393,1,12,0,1
1,0,1,0,0,1,1,0,0,0,0,0,1376,0,24,0,1
1,0,1,0,0,1,1,0,0,0,0,0,15653,1,60,0,1
1,0,1,0,0,1,1,1,0,0,0,0,1493,1,12,0,1
0,0,1,0,0,0,1,0,0,0,0,0,4370,1,42,1,-1
0,0,1,0,1,1,0,0,0,0,0,0,750,1,18,1,-1
0,0,1,0,0,1,0,0,1,0,0,0,1308,1,15,0,1
1,0,1,0,0,1,0,0,0,0,0,0,4623,0,15,0,-1
1,1,1,0,0,1,1,0,0,0,0,0,1851,1,24,0,1
0,1,1,0,0,1,1,0,0,0,0,0,1880,1,18,1,1
1,0,0,1,0,1,0,1,0,0,0,0,7980,0,36,0,-1
0,0,1,0,1,1,0,0,0,0,0,1,4583,1,30,1,1
1,0,1,0,0,1,0,0,0,0,0,0,1386,0,12,0,-1
0,0,0,0,0,0,0,0,0,1,0,0,947,1,24,0,-1
0,0,0,0,0,1,0,0,0,0,0,0,684,1,12,1,-1
0,0,0,0,0,1,0,0,0,1,0,0,7476,1,48,1,1
0,0,1,0,0,1,0,0,1,0,0,0,1922,1,12,0,-1
0,0,1,0,1,1,0,0,0,0,0,0,2303,1,24,1,-1
0,0,1,0,0,1,0,0,1,0,0,0,8086,0,36,0,-1
1,1,1,0,0,1,0,0,0,0,0,0,2346,1,24,0,1
0,0,0,0,0,1,0,0,0,1,0,0,3973,1,14,1,1
0,0,1,0,0,0,0,0,1,0,0,0,888,1,12,0,-1
1,0,1,1,0,0,1,0,0,0,0,0,10222,0,48,0,1
0,0,1,0,0,1,0,0,1,0,0,1,4221,1,30,0,1
0,1,1,0,0,1,0,0,1,1,0,0,6361,1,18,0,1
0,0,0,0,1,1,1,0,0,0,0,0,1297,1,12,0,1
0,0,1,1,0,1,0,0,0,0,0,0,900,0,12,1,-1
1,0,1,0,1,1,0,0,0,0,0,0,2241,1,21,0,1
0,0,1,0,0,0,0,0,1,0,0,0,1050,1,6,0,1
0,1,1,0,0,1,0,0,0,0,0,0,1047,1,6,0,1
1,1,1,0,0,0,0,0,0,1,0,0,6314,1,24,0,1
0,0,1,0,0,0,0,0,1,0,1,0,3496,0,30,0,1
1,0,1,0,1,0,0,0,0,0,1,0,3609,1,48,0,1
0,1,0,0,0,1,0,0,0,0,0,0,4843,1,12,1,-1
0,1,1,0,0,1,1,0,0,0,0,0,3017,1,30,0,1
1,1,1,0,0,1,0,0,0,0,0,0,4139,0,24,0,1
1,0,1,0,0,1,0,0,0,0,0,0,5742,0,36,0,1
1,0,1,0,0,1,0,0,0,0,0,0,10366,1,60,0,1
1,1,1,0,0,1,0,0,0,0,0,0,2080,0,6,0,1
1,0,1,0,1,0,0,1,0,0,0,0,2580,0,21,0,-1
1,1,0,0,0,1,1,0,0,0,0,0,4530,1,30,0,1
1,1,1,0,0,1,0,0,0,0,0,0,5150,1,24,0,1
0,0,1,0,0,1,1,0,1,0,0,0,5595,0,72,0,-1
0,0,0,0,1,0,1,0,0,0,0,0,2384,1,24,1,1
1,0,1,0,1,1,1,1,0,0,0,0,1453,1,18,0,1
1,0,1,0,0,1,0,1,0,1,0,0,1538,1,6,0,1
1,0,0,1,0,1,1,0,0,1,0,0,2279,0,12,0,1
1,0,1,0,1,0,1,0,0,0,0,0,1478,1,15,0,1
1,1,0,0,0,1,1,1,0,1,0,0,5103,1,24,0,1
0,0,1,0,0,1,0,0,1,0,0,0,9857,0,36,0,1
1,0,0,1,0,1,0,0,0,1,0,0,6527,0,60,0,1
0,1,1,1,0,1,1,0,0,0,0,0,1347,0,10,0,1
0,0,0,0,0,1,0,0,1,1,0,0,2862,0,36,0,1
1,0,1,0,0,1,1,0,0,0,0,0,2753,0,9,0,1
0,0,1,0,0,1,0,0,0,0,0,0,3651,0,12,1,1
0,1,1,0,0,1,0,0,0,0,0,0,975,1,15,1,1
0,0,1,0,1,1,0,0,1,0,0,0,2631,0,15,0,1
0,0,1,0,0,1,1,1,1,0,0,0,2896,0,24,0,1
0,1,1,1,1,1,0,1,0,0,0,0,4716,0,6,1,1
1,0,1,0,0,1,1,0,0,0,0,0,2284,1,24,0,1
1,0,0,0,0,1,0,0,0,0,0,0,1236,0,6,0,1
0,0,1,0,1,1,1,0,1,0,0,0,1103,1,12,0,1
1,1,1,0,0,1,0,0,0,0,0,0,926,1,12,0,1
1,1,1,0,0,1,1,0,0,0,0,0,1800,1,18,0,1
0,0,0,0,0,1,0,0,0,0,0,0,1905,1,15,0,1
1,0,0,0,0,1,0,0,0,0,0,0,1123,0,12,0,-1
0,1,0,0,0,1,0,0,0,1,0,0,6331,1,48,1,-1
0,0,0,0,0,1,1,0,0,1,0,0,1377,0,24,0,1
0,0,1,0,0,0,0,0,1,0,0,0,2503,0,30,0,1
0,0,1,0,0,1,0,1,1,0,0,0,2528,1,27,0,1
1,0,0,0,0,1,0,0,0,1,0,0,5324,0,15,0,1
0,0,1,0,0,1,0,0,1,0,0,0,6560,0,48,0,-1
0,0,0,0,0,1,0,1,1,0,0,1,2969,1,12,0,-1
0,0,1,0,1,1,1,0,1,0,0,0,1206,1,9,0,1
0,0,1,0,1,1,1,0,1,0,0,0,2118,1,9,0,1
1,1,1,0,0,0,1,0,0,0,0,0,629,0,18,0,1
0,0,0,0,0,1,0,0,0,1,1,0,1198,1,6,1,-1
1,0,1,1,1,1,0,0,0,0,0,0,2476,0,21,0,1
0,1,1,0,1,1,1,0,0,0,0,0,1138,1,9,1,1
0,0,1,0,0,1,0,0,1,1,0,0,14027,1,60,0,-1
1,1,1,1,0,1,0,0,0,0,0,0,7596,0,30,0,1
1,1,1,1,0,1,1,0,0,0,0,0,3077,0,30,0,1
1,0,0,0,0,1,1,0,0,1,0,0,1505,1,18,0,1
0,1,1,1,0,1,1,0,0,0,0,0,3148,0,24,0,1
0,0,1,0,0,0,0,0,1,0,0,1,6148,0,20,0,1
0,0,1,0,0,1,1,1,0,0,0,1,1337,1,9,0,-1
0,0,0,0,0,0,0,1,1,0,1,0,433,0,6,0,-1
0,0,1,0,1,1,0,0,0,0,0,0,1228,1,12,1,-1
0,0,1,0,1,1,1,0,1,0,0,0,790,0,9,0,1
1,0,0,0,1,1,0,0,0,0,0,0,2570,1,27,0,-1
1,1,1,0,1,0,0,0,0,0,0,0,250,0,6,0,1
1,1,1,0,0,1,1,0,0,0,0,0,1316,0,15,0,1
0,0,0,0,0,0,1,0,0,0,0,0,1882,1,18,1,-1
0,0,0,0,0,1,0,0,1,1,1,0,6416,1,48,0,-1
0,1,1,0,1,1,0,0,0,0,0,0,1275,0,24,0,1
0,0,1,0,0,1,1,1,1,0,0,0,6403,1,24,0,1
0,0,0,0,1,1,1,0,0,0,0,0,1987,1,24,1,-1
0,0,1,0,1,1,1,0,1,0,0,0,760,1,8,0,1
1,0,0,0,0,1,0,0,0,0,0,0,2603,0,24,0,1
1,1,1,0,1,1,0,0,0,0,0,0,3380,1,4,0,1
0,0,1,1,0,0,0,1,1,1,1,0,3990,0,36,0,1
0,0,0,0,0,1,0,0,1,0,0,0,11560,1,24,0,-1
0,0,1,0,0,1,0,0,0,0,0,0,4380,0,18,1,1
1,1,1,0,0,1,0,0,0,1,0,0,6761,1,6,0,1
0,0,0,0,0,1,0,0,1,0,0,1,4280,0,30,0,-1
0,0,1,0,0,0,0,0,0,0,1,0,2325,0,24,1,1
0,0,1,0,1,0,1,0,1,0,1,0,1048,1,10,0,1
1,0,1,1,0,1,1,0,0,0,0,0,3160,0,21,0,1
0,0,1,0,1,0,0,0,0,0,1,0,2483,0,24,1,1
0,1,1,1,0,1,0,0,0,0,0,0,14179,0,39,1,1
0,1,1,0,0,0,0,1,0,0,0,0,1797,1,13,1,1
0,0,0,0,0,1,0,0,0,0,0,0,2511,1,15,1,1
0,0,1,0,1,1,0,1,0,0,0,0,1274,1,12,1,-1
1,0,1,1,0,1,0,0,0,0,0,0,5248,0,21,0,1
1,0,1,0,0,1,0,0,0,0,0,0,3029,1,15,0,1
0,0,1,0,0,0,0,0,0,0,0,0,428,1,6,1,1
0,0,1,0,0,1,0,1,0,0,0,0,976,1,18,1,-1
0,0,0,0,1,1,0,0,1,0,0,0,841,0,12,0,1
1,1,1,0,0,1,1,0,0,0,0,0,5771,1,30,0,1
1,0,0,0,0,1,0,0,0,1,0,0,1555,0,12,0,-1
0,0,0,1,0,1,0,0,0,1,0,0,1285,0,24,1,-1
0,1,1,0,1,1,0,0,0,0,0,0,1299,1,6,0,1
0,1,0,1,0,1,1,0,0,1,0,0,1271,0,15,0,-1
1,0,1,0,1,1,0,0,0,0,0,0,1393,1,24,0,1
0,1,1,0,0,1,0,0,0,0,0,0,691,1,12,1,-1
1,1,1,1,0,1,0,0,0,0,0,0,5045,0,15,0,1
0,1,0,0,1,1,0,0,0,0,0,0,2124,1,18,1,-1
0,0,1,0,0,1,1,0,0,0,0,0,2214,1,12,1,1
1,1,0,1,0,1,0,0,0,1,0,0,12680,0,21,0,-1
1,1,1,0,0,1,0,0,0,0,0,0,2463,0,24,0,1
0,0,1,0,1,0,1,0,1,0,0,0,1155,1,12,0,1
0,0,1,0,0,1,0,1,0,0,0,0,3108,1,30,1,-1
1,0,0,1,1,1,0,1,0,0,0,0,2901,0,10,0,1
0,1,0,0,0,1,0,0,1,0,0,0,3617,1,12,0,1
1,1,1,0,1,1,1,0,0,0,0,0,1655,1,12,0,1
0,0,0,1,1,1,0,0,0,0,0,0,2812,0,24,1,1
0,1,1,0,0,1,0,0,0,1,0,0,8065,1,36,1,-1
1,1,1,0,0,1,0,0,0,0,0,0,3275,1,21,0,1
1,1,1,0,0,0,1,0,0,0,0,0,2223,0,24,0,1
0,1,0,0,0,0,0,0,0,1,0,0,1480,0,12,0,1
0,0,0,1,1,1,0,0,0,0,0,0,1371,0,24,1,-1
1,1,1,0,0,1,0,0,0,0,0,0,3535,1,36,0,1
0,0,1,0,1,1,1,0,0,0,0,0,3509,1,18,1,1
1,1,1,0,0,1,0,0,0,0,0,0,5711,0,36,0,1
0,0,1,0,0,1,0,0,1,0,0,0,3872,1,18,0,1
0,1,1,0,1,1,1,0,1,0,0,0,4933,1,39,0,-1
1,1,1,0,1,1,0,0,0,0,0,0,1940,0,24,0,1
0,0,1,0,1,1,0,0,1,0,0,1,1410,1,12,0,1
0,0,1,0,0,0,0,1,1,0,0,0,836,0,12,0,-1
0,0,1,1,1,1,0,0,1,0,0,0,6468,0,20,0,1
0,0,1,0,0,1,0,0,1,0,0,0,1941,0,18,0,1
1,0,1,0,0,1,1,0,0,0,0,0,2675,0,22,0,1
1,1,1,1,0,1,0,0,0,0,0,0,2751,0,48,0,1
0,0,0,0,0,1,0,0,1,1,0,0,6224,1,48,0,-1
0,1,1,0,0,0,0,0,0,1,0,0,5998,1,40,1,-1
0,0,1,0,0,1,0,0,1,0,0,0,1188,1,21,0,-1
1,0,1,1,0,1,0,0,0,0,0,0,6313,0,24,0,1
1,1,1,1,0,1,0,0,0,0,0,0,1221,0,6,0,1
0,0,0,0,0,1,0,0,0,1,0,0,2892,1,24,0,1
1,0,0,0,0,1,0,0,0,1,0,0,3062,0,24,0,1
1,0,0,0,0,1,0,1,0,0,0,0,2301,0,9,0,1
0,0,0,1,0,1,0,0,0,0,0,0,7511,0,18,1,-1
1,1,0,0,0,1,0,1,0,0,0,0,1258,1,12,0,1
1,0,1,1,0,1,0,0,0,0,0,0,717,0,24,0,1
0,0,1,1,1,1,0,1,1,0,0,0,1549,0,9,0,1
1,1,0,0,0,1,0,0,0,1,0,0,1597,1,24,0,1
0,1,0,0,1,0,1,0,1,0,0,0,1795,1,18,0,1
0,1,1,0,0,1,0,0,0,0,0,0,4272,1,20,1,1
1,1,1,1,0,1,1,0,0,0,0,0,976,0,12,0,1
0,0,0,1,1,1,0,0,1,0,0,0,7472,0,12,0,1
0,0,1,0,0,1,0,0,0,0,0,0,9271,1,36,1,-1
0,0,1,0,1,1,1,1,1,0,0,0,590,1,6,0,1
1,1,1,1,1,1,1,0,0,0,0,0,930,0,12,0,1
0,0,0,0,0,0,0,0,1,1,1,0,9283,1,42,0,1
0,0,0,0,1,1,0,1,1,0,0,1,1778,1,15,0,-1
0,0,1,0,1,1,0,1,1,0,0,0,907,1,8,0,1
0,0,1,0,1,0,1,0,1,0,0,0,484,1,6,0,1
0,1,1,0,0,1,0,0,0,0,0,0,9629,1,36,1,-1
0,0,1,0,0,1,0,0,0,0,0,0,3051,1,48,1,-1
0,0,0,0,0,1,0,0,0,1,0,0,3931,1,48,1,-1
0,0,0,0,0,1,0,0,1,0,0,0,7432,1,36,0,1
1,0,1,0,1,1,0,0,0,0,0,0,1338,0,6,0,1
1,1,0,0,0,1,1,0,0,0,0,0,1554,1,6,0,1
0,0,1,0,0,1,0,0,0,0,0,0,15857,1,36,1,1
0,0,1,0,1,0,1,0,0,0,0,0,1345,1,18,1,-1
1,0,1,0,1,1,0,0,0,0,0,0,1101,1,12,0,1
0,0,1,0,0,1,1,0,0,0,0,0,3016,1,12,0,1
0,0,1,0,0,0,0,0,0,0,0,0,2712,1,36,1,-1
0,1,1,0,1,1,0,0,0,0,0,0,731,1,8,1,1
1,1,1,0,0,1,0,1,0,0,0,0,3780,1,18,0,1
0,1,1,0,0,1,0,0,0,0,0,0,1602,1,21,1,1
0,1,0,0,1,0,0,0,0,0,0,0,3966,1,18,1,-1
1,0,1,0,0,0,0,0,0,0,0,1,4165,1,18,0,-1
0,0,0,1,0,1,0,0,0,1,0,0,8335,0,36,1,-1
0,0,0,1,0,1,0,0,1,1,0,0,6681,0,48,0,1
1,0,1,0,0,1,0,0,0,0,0,0,2375,0,24,0,1
0,0,0,0,0,1,0,1,0,0,0,0,1216,1,18,1,-1
0,0,0,0,0,1,0,0,0,0,0,1,11816,1,45,1,-1
0,0,1,1,0,1,1,0,1,0,0,0,5084,0,24,0,1
0,0,1,0,1,1,1,1,0,0,0,0,2327,1,15,0,-1
0,0,1,0,0,0,0,0,0,0,0,1,1082,1,12,1,-1
1,0,1,1,0,1,1,0,0,0,0,0,886,0,12,0,1
1,0,0,0,1,1,0,1,0,0,0,0,601,1,4,0,1
0,1,1,0,0,1,0,0,0,0,0,0,2957,1,24,1,1
1,1,1,0,1,1,1,0,0,0,0,0,2611,1,24,0,1
0,0,1,0,0,1,0,0,0,0,0,0,5179,1,36,1,-1
1,0,1,0,1,0,0,0,0,0,0,0,2993,1,21,0,1
1,0,1,0,1,1,0,1,0,0,0,0,1943,1,18,0,-1
1,0,1,0,0,0,0,0,0,0,1,0,1559,1,24,0,1
1,0,1,0,0,0,0,0,0,0,0,0,3422,1,18,0,1
0,0,1,1,0,1,0,0,1,0,0,0,3976,0,21,0,1
1,0,0,1,0,1,0,0,0,0,0,0,6761,0,18,0,-1
1,0,1,0,1,1,0,1,0,0,0,0,1249,1,24,0,1
0,0,1,0,1,1,1,0,0,0,0,0,1364,1,9,1,1
0,0,1,0,1,0,1,0,0,0,0,0,709,1,12,1,-1
0,1,0,0,0,0,0,0,0,0,0,0,2235,1,20,1,-1
1,1,1,1,0,1,0,0,0,0,0,0,4042,0,24,0,1
1,1,0,0,0,1,1,0,0,1,0,0,1471,1,15,0,1
0,0,0,0,0,1,0,0,0,1,1,0,1442,1,18,1,-1
1,0,1,0,0,1,0,0,0,0,0,0,10875,1,36,0,1
1,0,1,0,1,1,0,1,0,0,0,0,1474,0,24,0,1
1,0,1,1,0,1,0,0,0,0,0,0,894,0,10,0,1
1,1,0,0,0,1,0,0,0,1,0,0,3343,1,15,0,1
0,0,1,0,0,1,0,0,0,0,0,0,3959,1,15,1,-1
1,0,0,0,1,1,0,0,0,0,0,0,3577,0,9,0,1
1,1,1,0,1,1,0,0,0,0,0,0,5804,0,24,0,1
1,0,1,0,0,1,0,0,0,0,0,0,2169,1,18,0,-1
0,0,1,0,1,1,1,1,0,0,0,0,2439,1,24,1,-1
1,1,1,0,1,0,0,1,0,0,0,0,4526,0,27,0,1
1,0,0,0,1,0,0,0,0,0,0,0,2210,1,10,0,-1
1,0,0,0,0,1,0,0,0,0,0,0,2221,0,15,0,1
0,0,1,0,0,0,1,1,0,0,0,0,2389,1,18,1,1
1,1,1,0,0,0,0,0,0,0,0,0,3331,1,12,0,1
1,0,1,1,0,1,0,0,0,0,0,0,7409,0,36,0,1
0,0,0,0,0,1,0,0,0,0,0,0,652,1,12,1,1
1,0,1,0,0,1,0,0,0,0,0,0,7678,0,36,0,1
0,1,1,0,1,1,0,0,0,0,0,0,1343,1,6,0,1
0,1,1,0,1,1,0,0,0,0,0,0,1382,0,24,1,1
1,0,1,1,1,1,0,1,0,0,0,0,874,0,15,0,1
0,0,1,0,0,1,0,0,0,0,0,0,3590,1,12,1,1
0,1,1,0,0,1,0,0,1,0,0,0,1322,0,11,0,1
0,0,0,0,0,0,1,1,0,1,1,0,1940,1,18,1,1
1,0,1,0,0,1,1,0,0,0,0,0,3595,1,36,0,1
0,0,0,0,0,1,0,1,0,1,0,0,1422,1,9,1,-1
1,1,1,1,0,1,1,0,0,0,0,0,6742,0,30,0,1
1,0,1,0,0,1,0,0,0,0,0,0,7814,1,24,0,1
1,0,0,1,0,1,0,0,0,1,0,0,9277,0,24,0,1
0,1,1,1,1,1,0,0,1,0,0,0,2181,0,30,0,1
1,1,1,0,0,1,1,0,0,0,0,0,1098,1,18,0,1
0,0,1,0,0,1,0,0,1,0,0,0,4057,1,24,0,-1
0,0,1,0,0,1,0,1,0,0,0,0,795,1,12,1,-1
0,1,1,1,0,1,0,0,1,1,0,0,2825,0,24,0,1
0,0,1,0,0,1,0,0,1,0,0,0,15672,1,48,0,-1
1,1,1,0,0,1,0,0,0,0,0,0,6614,1,36,0,1
1,0,0,1,1,0,0,1,0,0,1,0,7824,0,28,0,1
0,1,1,0,0,0,0,0,0,0,0,0,2442,1,27,1,1
1,1,1,0,0,1,1,0,0,0,0,0,1829,1,15,0,1
0,1,1,0,0,0,0,0,0,0,0,0,2171,1,12,1,1
0,1,1,0,0,1,0,0,1,0,0,0,5800,1,36,0,1
1,1,1,1,0,1,1,0,0,0,0,0,1169,0,18,0,1
1,0,1,1,0,0,0,0,0,0,0,0,8947,0,36,0,1
0,0,0,0,0,1,1,1,0,0,0,0,2606,1,21,1,1
1,1,1,0,0,1,0,0,0,0,0,0,1592,0,12,0,1
1,0,0,1,1,0,0,0,0,0,0,0,2186,0,15,0,1
0,0,1,0,0,1,0,0,0,0,0,0,4153,1,18,1,-1
0,1,0,0,0,0,0,0,0,0,0,0,2625,1,16,1,-1
1,1,1,1,1,1,0,1,0,0,0,0,3485,0,20,0,1
1,1,0,1,0,1,0,0,0,1,0,0,10477,0,36,0,1
1,0,0,1,1,1,1,0,0,0,0,0,1386,0,15,0,1
1,0,1,0,1,1,1,0,0,0,0,0,1278,1,24,0,1
0,0,0,0,1,1,1,0,0,0,0,0,1107,1,12,1,1
0,0,1,1,1,1,0,0,0,0,0,0,3763,0,21,1,1
0,0,1,1,0,1,0,0,1,0,0,0,3711,0,36,0,1
1,0,1,0,0,1,0,1,0,0,0,0,3594,1,15,0,1
0,0,1,1,1,1,0,0,1,0,0,0,3195,0,9,0,1
1,0,1,0,1,1,1,0,0,0,0,0,4454,1,36,0,1
0,1,1,0,0,0,0,1,1,0,0,0,4736,1,24,0,-1
0,0,1,1,0,1,1,0,1,0,0,0,2991,0,30,0,1
1,0,1,0,1,1,0,0,0,0,0,0,2142,0,11,0,1
0,0,0,0,0,1,0,0,0,0,1,0,3161,1,24,1,-1
0,0,1,0,0,0,0,0,1,0,0,1,18424,1,48,0,-1
1,0,1,0,1,1,0,0,0,0,0,0,2848,0,10,0,1
0,0,1,0,0,0,0,0,0,1,0,0,14896,1,6,1,-1
0,0,1,0,0,1,0,0,0,0,0,0,2359,0,24,1,-1
0,0,0,0,0,1,0,0,0,0,0,0,3345,1,24,1,-1
1,1,1,0,0,1,0,0,0,1,0,0,1817,1,18,0,1
1,0,1,0,0,1,1,0,0,0,0,0,12749,0,48,0,1
0,0,0,0,0,1,1,1,0,0,0,0,1366,1,9,1,-1
0,0,0,0,0,1,0,0,1,0,0,0,2002,1,12,0,1
0,0,1,0,0,0,0,1,0,0,1,0,6872,1,24,1,-1
0,0,1,0,0,0,0,1,0,0,1,0,697,1,12,1,-1
0,1,0,0,0,1,0,1,0,0,0,0,1049,1,18,1,1
0,0,0,0,0,0,0,0,0,1,0,0,10297,1,48,1,-1
1,0,1,1,0,1,1,0,0,0,0,0,1867,0,30,0,1
0,0,1,0,1,1,0,0,0,0,0,0,1344,1,12,1,1
0,0,1,0,0,1,0,1,0,0,0,0,1747,1,24,1,1
0,0,1,0,0,1,1,1,1,0,0,0,1670,1,9,0,-1
1,1,1,0,1,1,0,0,0,0,0,0,1224,1,9,0,1
1,1,1,0,0,1,1,0,0,0,0,0,522,0,12,0,1
0,0,1,0,0,0,1,0,0,0,0,0,1498,1,12,1,1
0,0,1,0,0,0,1,1,1,1,0,0,1919,0,30,0,-1
0,0,1,0,1,1,1,0,0,0,0,0,745,1,9,0,-1
0,0,0,0,0,1,1,1,1,0,0,0,2063,1,6,0,1
0,0,0,0,0,1,0,0,1,1,0,0,6288,1,60,0,-1
1,1,1,1,0,1,0,0,0,0,0,0,6842,0,24,0,1
1,0,1,1,0,1,0,1,0,0,0,0,3527,0,12,0,1
1,0,1,0,1,1,0,0,0,0,0,0,1546,1,10,0,1
1,0,1,1,0,0,0,0,0,0,0,0,929,0,24,0,1
1,1,1,0,1,1,0,0,0,0,0,0,1455,1,4,0,1
0,0,0,0,0,1,0,1,0,0,0,0,1845,1,15,1,1
0,0,1,0,0,1,0,1,1,0,0,1,8358,0,48,0,1
0,0,0,0,0,1,0,1,0,1,1,0,3349,0,24,1,-1
1,0,1,1,0,1,0,0,0,1,0,0,2859,0,12,0,1
1,0,1,0,0,1,0,1,0,0,0,0,1533,1,18,0,-1
1,0,1,0,0,1,1,0,0,0,0,0,3621,0,24,0,-1
0,1,1,0,0,1,0,0,1,0,0,0,3590,1,18,0,1
0,0,1,0,0,1,0,0,0,0,0,0,2145,1,36,1,-1
0,0,0,0,0,1,0,1,1,0,0,0,4113,0,24,0,-1
1,0,1,0,0,1,0,0,0,0,0,0,10974,1,36,0,-1
0,0,1,0,0,1,0,0,0,0,0,0,1893,1,12,1,1
0,1,0,0,0,1,1,0,0,0,0,0,1231,0,24,1,1
0,1,1,1,0,0,1,0,0,0,0,0,3656,0,30,0,1
0,1,1,0,1,1,1,0,1,0,0,0,1154,1,9,0,1
0,0,1,0,0,1,0,0,0,0,0,0,4006,1,28,1,-1
0,0,0,0,0,1,0,0,1,1,0,0,3069,0,24,0,1
1,1,0,0,1,1,1,0,0,0,0,0,1740,1,6,0,1
0,0,1,0,0,1,0,0,1,0,0,0,2353,1,21,0,1
1,0,1,1,0,1,0,0,0,1,0,0,3556,0,15,0,1
1,0,1,0,0,0,1,0,0,0,0,0,2397,0,24,0,-1
0,0,1,0,0,1,0,1,1,0,0,0,454,1,6,0,1
0,0,1,1,0,1,1,0,1,0,0,0,1715,0,30,0,1
0,1,1,0,0,1,1,0,1,0,0,0,2520,0,27,0,-1
1,0,0,0,0,0,1,0,0,0,0,0,3568,1,15,0,1
1,0,0,1,0,1,1,0,0,0,0,0,7166,0,42,0,1
0,1,1,0,1,1,0,0,0,0,0,0,3939,1,11,1,1
0,0,1,0,1,1,0,0,1,0,0,0,1514,0,15,0,1
1,0,1,0,0,1,0,0,0,0,0,0,7393,1,24,0,1
0,0,0,0,0,1,0,0,0,1,1,0,1193,1,24,1,-1
0,0,0,0,0,1,0,0,0,1,0,0,7297,1,60,1,-1
1,1,1,0,0,1,1,0,0,0,0,0,2831,1,30,0,1
0,0,1,0,0,1,1,0,0,0,0,0,1258,0,24,0,1
0,0,1,0,1,1,1,0,1,0,0,0,753,1,6,0,1
0,0,1,1,0,1,0,0,1,0,0,0,2427,0,18,0,1
1,0,1,0,0,1,0,0,0,0,0,0,2538,1,24,0,-1
0,0,0,0,0,1,0,0,1,0,1,0,1264,0,15,0,-1
0,1,1,0,0,1,0,0,1,0,0,0,8386,1,30,0,-1
1,0,0,0,0,0,0,0,0,0,0,0,4844,1,48,0,-1
0,0,1,0,0,0,0,0,0,0,0,0,2923,0,21,0,1
0,0,1,0,0,1,0,0,0,0,0,0,8229,1,36,1,-1
1,1,1,0,0,1,0,0,0,0,0,0,2028,1,24,0,1
0,1,0,0,0,1,0,0,0,0,0,0,1433,1,15,1,1
0,0,1,0,0,1,0,1,0,0,0,1,6289,1,42,0,1
1,0,1,0,1,1,1,0,0,0,0,0,1409,0,13,0,1
0,0,0,0,0,1,0,0,0,1,0,0,6579,1,24,1,1
0,1,1,0,0,1,1,0,1,0,0,0,1743,1,24,0,1
1,1,1,1,0,1,0,1,0,0,0,0,3565,0,12,0,1
1,0,1,0,0,0,1,0,0,0,1,0,1569,0,15,0,1
0,0,0,1,0,1,1,0,0,0,0,0,1936,0,18,1,1
0,0,1,0,0,1,0,0,0,0,0,0,3959,1,36,1,1
1,0,1,1,0,1,0,0,0,0,0,0,2390,0,12,0,1
1,0,1,0,1,1,0,0,0,0,0,0,1736,1,12,0,1
0,0,1,0,0,1,0,0,0,0,0,0,3857,1,30,1,1
1,0,1,0,0,1,1,0,0,0,0,0,804,1,12,0,1
0,0,0,0,0,1,1,0,0,1,0,0,1845,1,45,1,-1
0,1,1,0,0,1,0,0,1,0,0,0,4576,0,45,0,1
